{"cameraMode":{"drawMode":0,"name":"Shaded","section":"Shading Mode"},"sceneLighting":false,"audioPlay":false,"sceneViewState":{"m_AlwaysRefresh":false,"showFog":true,"showSkybox":false,"showFlares":true,"showImageEffects":true,"showParticleSystems":true,"showVisualEffectGraphs":true,"m_FxEnabled":true},"in2DMode":false,"pivot":{"x":0.7306076884269714,"y":1.9331176280975342,"z":124.04700469970703},"rotation":{"x":-0.0486861877143383,"y":0.09247004240751267,"z":-0.004495944827795029,"w":-0.9945765733718872},"size":5.528499126434326,"orthographic":false}